VERSION,w,wsig_marg,OM,OM_sig,chi2,Ndof,sigint,wran,OMran,label,name
SALT2mu_FITJOBS,-0.75400,0.03860,0.30250,0.01000,19.70000,17,0.00800,0.00000,0.00000,DEFAULT,ALLFIELD
SALT2mu_FITJOBS,-0.76650,0.04740,0.30000,0.01000,11.00000,15,-0.00200,0.00000,0.00000,DEFAULT,XFIELD
SALT2mu_FITJOBS,-0.73850,0.04620,0.30130,0.01000,43.30000,16,0.08000,0.00000,0.00000,DEFAULT,CFIELD
SALT2mu_FITJOBS,-0.75350,0.05120,0.30000,0.01000,9.00000,13,-0.00200,0.00000,0.00000,DEFAULT,SFIELD
SALT2mu_FITJOBS,-0.83650,0.05630,0.30000,0.01000,16.30000,15,0.01000,0.00000,0.00000,DEFAULT,EFIELD
