VERSION,w,wsig_marg,OM,OM_sig,chi2,Ndof,sigint,wran,OMran,label,name
SALT2mu_FITJOBS,-1.47749,0.05760,0.54980,0.01000,63.00000,14,0.19200,105462.00000,793343.00000,DEFAULT,ALL_FIELDS
SALT2mu_FITJOBS,-1.43899,0.10650,0.54860,0.01000,93.70000,12,0.19200,105462.00000,793343.00000,DEFAULT,X_FIELDS
SALT2mu_FITJOBS,-1.54949,0.17090,0.54860,0.01000,23.10000,9,0.19200,105462.00000,793343.00000,DEFAULT,S_FIELDS
SALT2mu_FITJOBS,-1.85199,0.20500,0.54860,0.00990,52.00000,9,0.19200,105462.00000,793343.00000,DEFAULT,E_FIELDS
SALT2mu_FITJOBS,-1.43949,0.09410,0.54860,0.01000,32.50000,13,0.19200,105462.00000,793343.00000,DEFAULT,C_FIELDS
